{"valeur_fonciere_totale":32489.31,"taxe_scolaire":389.87172000000004,"taxe_ municipale":812.2327500000001,"lotissements":[{"description":"lot 1","valeur_par_lot":3524.02},{"description":" lot 2","valeur_par_lot":9899.470000000001},{"description":"lot 3","valeur_par_lot":19065.82}]}